{
    "message": "Chúc mừng sinh nhật Tuân",
    "supplier": "A-Khoai",
    "drinkgroups": [{
            "id": 0,
            "name": "Sinh Tố",
            "drinks": [{
                    "id": 0,
                    "name": "ST Bơ",
                    "comment": ""
                },
                {
                    "id": 1,
                    "name": "ST Xoài",
                    "comment": "Vui lòng chọn ngọt hay không"
                },
                {
                    "id": 2,
                    "name": "ST Dâu",
                    "comment": "Thích chua hay ngọt"
                },
                {
                    "id": 3,
                    "name": "ST Bơ + Đu đủ",
                    "comment": ""
                },
                {
                    "id": 4,
                    "name": "ST Ổi",
                    "comment": ""
                },
                {
                    "id": 5,
                    "name": "ST Dâu + Sầu riêng",
                    "comment": ""
                },
                {
                    "id": 6,
                    "name": "ST Bơ + Sapoche",
                    "comment": "Bơ nhiều hay sầu riêng nhiều"
                },
                {
                    "id": 7,
                    "name": "ST Sapoche",
                    "comment": ""
                },
                {
                    "id": 8,
                    "name": "ST Thanh Long",
                    "comment": "Có bỏ hạt hay không"
                },
                {
                    "id": 9,
                    "name": "ST Dừa + Mít",
                    "comment": ""
                },
                {
                    "id": 10,
                    "name": "ST Ổi",
                    "comment": ""
                },
                {
                    "id": 11,
                    "name": "ST Ổi + Sầu riêng",
                    "comment": ""
                },
                {
                    "id": 12,
                    "name": "ST Bơ",
                    "comment": ""
                },
                {
                    "id": 13,
                    "name": "ST Xoài",
                    "comment": "Vui lòng chọn ngọt hay không"
                },
                {
                    "id": 14,
                    "name": "ST Dâu",
                    "comment": "Thích chua hay ngọt"
                },
                {
                    "id": 15,
                    "name": "ST Bơ + Đu đủ",
                    "comment": ""
                },
                {
                    "id": 16,
                    "name": "ST Ổi",
                    "comment": ""
                },
                {
                    "id": 17,
                    "name": "ST Dâu + Sầu riêng",
                    "comment": ""
                },
                {
                    "id": 18,
                    "name": "ST Bơ + Sapoche",
                    "comment": "Bơ nhiều hay sầu riêng nhiều"
                },
                {
                    "id": 19,
                    "name": "ST Sapoche",
                    "comment": ""
                },
                {
                    "id": 20,
                    "name": "ST Thanh Long",
                    "comment": "Có bỏ hạt hay không"
                },
                {
                    "id": 21,
                    "name": "ST Dừa + Mít",
                    "comment": ""
                },
                {
                    "id": 22,
                    "name": "ST Ổi",
                    "comment": ""
                },
                {
                    "id": 23,
                    "name": "ST Ổi + Sầu riêng",
                    "comment": ""
                }
            ]

        },
        {
            "id": 1,
            "name": "Caffe",
            "drinks": [{
                    "id": 0,
                    "name": "Cà phê đen",
                    "comment": ""
                },
                {
                    "id": 1,
                    "name": "Cà phê sữa đá",
                    "comment": ""
                },
                {
                    "id": 2,
                    "name": "Cà phê ít sữa",
                    "comment": ""
                },
                {
                    "id": 3,
                    "name": "Cà phê nhiều sữa",
                    "comment": ""
                }
            ]

        },
        {
            "id": 2,
            "name": "MISC",
            "drinks": [{
                    "id": 0,
                    "name": "Kem ly 3 màu",
                    "comment": ""
                },
                {
                    "id": 1,
                    "name": "Nước mía",
                    "comment": ""
                },
                {
                    "id": 2,
                    "name": "Dừa tươi ướp lạnh",
                    "comment": ""
                },
                {
                    "id": 3,
                    "name": "Trà sữa",
                    "comment": ""
                }
            ]

        }
    ]
}