[
  {
    "id": 8619024,
    "user": {
      "email": "phamtuan.it.0809@gmail.com",
      "lastAccessTime": "10:45:31 GMT+0700 (Indochina Time)",
      "id": 8619024
    },
    "data": {
      "id": 6,
      "name": "ST Bơ + Sapoche",
      "comment": ""
    }
  },
  {
    "id": 8015306,
    "user": {
      "email": "guest@example.com",
      "lastAccessTime": "10:48:49 GMT+0700 (Indochina Time)",
      "id": 8015306
    },
    "data": {
      "id": 1,
      "name": "ST Xoài",
      "comment": ""
    }
  },
  {
    "id": 8015094,
    "user": {
      "email": "phamtuan.it.08091@gmail.com",
      "lastAccessTime": "10:49:40 GMT+0700 (Indochina Time)",
      "id": 8015094
    },
    "data": {
      "id": 8,
      "name": "ST Thanh Long",
      "comment": ""
    }
  },
  {
    "id": 8011936,
    "user": {
      "email": "guest1@example.com",
      "lastAccessTime": "11:04:37 GMT+0700 (Indochina Time)",
      "id": 8011936
    },
    "data": {
      "id": 21,
      "name": "ST Dừa + Mít",
      "comment": ""
    }
  },
  {
    "id": 8011967,
    "user": {
      "email": "guest2@example.com",
      "lastAccessTime": "11:07:28 GMT+0700 (Indochina Time)",
      "id": 8011967
    },
    "data": {
      "id": 1,
      "name": "ST Xoài",
      "comment": "tttttttttt Vui lòng chọn ngọt hay không"
    }
  }
]